,colsample_bytree,gamma,learning_rate,max_depth,n_estimators,reg_lambda,mean_test_score,std_test_score,mean_fit_time
0,0.25,1,0.05,6,50,0.1,1.469042534530188,0.0009298351602970741,1.0573499997456868
1,0.25,1,0.05,6,50,1.0,1.4703442466872858,0.0016006189637650472,0.9552676677703857
2,0.25,1,0.05,6,50,10.0,1.4792194424002691,0.0017597470991973945,0.8690152168273926
3,0.25,1,0.05,6,100,0.1,1.2775334782493966,0.0006274039432983601,2.2926915486653647
4,0.25,1,0.05,6,100,1.0,1.2778965765911963,0.001303390687950998,2.183954874674479
5,0.25,1,0.05,6,100,10.0,1.2816424952528032,0.001383848318869981,2.000498374303182
6,0.25,1,0.05,6,300,0.1,1.2239347560040514,0.003678019424585808,5.2863874435424805
7,0.25,1,0.05,6,300,1.0,1.2231476771707817,0.0035928888325011377,4.9378821849823
8,0.25,1,0.05,6,300,10.0,1.2219083031995557,0.002636677888043604,4.719897190729777
9,0.25,1,0.05,12,50,0.1,1.4805786199724242,0.0009823923785273541,1.9194885889689128
10,0.25,1,0.05,12,50,1.0,1.4751044020472879,0.0014302013934593088,1.7728166580200195
11,0.25,1,0.05,12,50,10.0,1.4781262701745614,0.0015958598356812473,1.2371846834818523
12,0.25,1,0.05,12,100,0.1,1.3178292284835542,0.002654754530530323,4.071787675221761
13,0.25,1,0.05,12,100,1.0,1.3016182162263508,0.002786864324644765,4.069654782613118
14,0.25,1,0.05,12,100,10.0,1.2830945491307941,0.0015323280834325952,3.5832517941792807
15,0.25,1,0.05,12,300,0.1,1.3036034264325673,0.0055111951893996175,12.166178703308105
16,0.25,1,0.05,12,300,1.0,1.2881709604734113,0.004354729878442192,11.008227745691935
17,0.25,1,0.05,12,300,10.0,1.2579895667936745,0.0049047742692772955,10.470401763916016
18,0.25,1,0.05,24,50,0.1,1.5462797568619069,0.0031061241175950223,4.674644152323405
19,0.25,1,0.05,24,50,1.0,1.511832500147661,0.0019298717391704448,3.4961416721343994
20,0.25,1,0.05,24,50,10.0,1.4819138388213844,0.0020232484588592324,1.7625481287638347
21,0.25,1,0.05,24,100,0.1,1.4152094836345304,0.002105502182004906,10.109551509221395
22,0.25,1,0.05,24,100,1.0,1.3691031962809463,0.0036496214656059067,8.228338241577148
23,0.25,1,0.05,24,100,10.0,1.3080104706516682,0.002843495676127315,6.337769905726115
24,0.25,1,0.05,24,300,0.1,1.3955347859619422,0.0022553725386871295,30.27645166714986
25,0.25,1,0.05,24,300,1.0,1.3538213657831755,0.003790337037643334,29.014731566111248
26,0.25,1,0.05,24,300,10.0,1.2994512920469934,0.004696261887805882,27.42479681968689
27,0.25,1,0.1,6,50,0.1,1.2875415264191548,0.0007663187722164787,1.1408894856770833
28,0.25,1,0.1,6,50,1.0,1.289018986913484,0.002677124607670786,0.8908727963765463
29,0.25,1,0.1,6,50,10.0,1.2909986618733231,0.0021137807477270413,0.8378568490346273
30,0.25,1,0.1,6,100,0.1,1.24247112499962,0.002087989297843207,1.769475777943929
31,0.25,1,0.1,6,100,1.0,1.2416414926981714,0.0036776464092428207,1.9760816891988118
32,0.25,1,0.1,6,100,10.0,1.2391032037202099,0.0014124349561830268,1.7613286972045898
33,0.25,1,0.1,6,300,0.1,1.2320103938202296,0.0052630360983045455,5.611351251602173
34,0.25,1,0.1,6,300,1.0,1.2289074976220904,0.005654308498702054,5.51175053914388
35,0.25,1,0.1,6,300,10.0,1.2228661582455744,0.002868116275064095,4.710065444310506
36,0.25,1,0.1,12,50,0.1,1.3398787836491108,0.004087045203531039,1.9552403291066487
37,0.25,1,0.1,12,50,1.0,1.3217365896044602,0.001669206028936048,1.8030081590016682
38,0.25,1,0.1,12,50,10.0,1.3017611992199216,0.002141883934485629,1.880190134048462
39,0.25,1,0.1,12,100,0.1,1.3233877389578597,0.004719788429359495,4.0612254937489825
40,0.25,1,0.1,12,100,1.0,1.3043628701305015,0.006842437480185245,3.728764851888021
41,0.25,1,0.1,12,100,10.0,1.270848145393612,0.0052077012182345905,3.369502147038778
42,0.25,1,0.1,12,300,0.1,1.3287740730561843,0.004215357679475562,10.968150536219278
43,0.25,1,0.1,12,300,1.0,1.312998616843035,0.007210306793774968,11.241505940755209
44,0.25,1,0.1,12,300,10.0,1.2821534945518627,0.006365694461040011,11.726428349812826
45,0.25,1,0.1,24,50,0.1,1.439485790099871,0.002242463709365465,4.952212492624919
46,0.25,1,0.1,24,50,1.0,1.3916428115004098,0.0054191036610723225,4.509898821512858
47,0.25,1,0.1,24,50,10.0,1.3307373580031638,0.005197074162448476,3.1678672631581626
48,0.25,1,0.1,24,100,0.1,1.4241639965267394,0.0019703634262814643,10.156579971313477
49,0.25,1,0.1,24,100,1.0,1.3786563189524017,0.004813602639679532,8.950908342997232
50,0.25,1,0.1,24,100,10.0,1.3231531644079386,0.0067874492343982335,7.178427060445149
51,0.25,1,0.1,24,300,0.1,1.4191687821928525,0.0020458633877247236,27.87519900004069
52,0.25,1,0.1,24,300,1.0,1.375198484869145,0.004601204049531506,23.890588680903118
53,0.25,1,0.1,24,300,10.0,1.3291258618323603,0.006287453946817644,22.201377471288044
54,0.25,1,0.3,6,50,0.1,1.2671486839519928,0.001646355621201552,0.9150437513987223
55,0.25,1,0.3,6,50,1.0,1.2623497546717815,0.00482353606721282,0.8327009677886963
56,0.25,1,0.3,6,50,10.0,1.2566894721109643,0.005516409168596132,0.8800795078277588
57,0.25,1,0.3,6,100,0.1,1.269510046822811,0.005906440811721258,1.58806045850118
58,0.25,1,0.3,6,100,1.0,1.2616828558841844,0.008591569786033188,1.5903631051381428
59,0.25,1,0.3,6,100,10.0,1.250794789656313,0.006798642579973067,1.5905367533365886
60,0.25,1,0.3,6,300,0.1,1.311616427869934,0.01017482458700944,4.467962662378947
61,0.25,1,0.3,6,300,1.0,1.296948597239756,0.011089735626379006,4.469051917394002
62,0.25,1,0.3,6,300,10.0,1.2764377346486506,0.0052890754526099355,4.574540853500366
63,0.25,1,0.3,12,50,0.1,1.4259984222033506,0.003094236069766571,1.790205717086792
64,0.25,1,0.3,12,50,1.0,1.3897093402465608,0.0031476256515655574,1.7891631921132405
65,0.25,1,0.3,12,50,10.0,1.3323849846764768,0.007321186642516327,1.7195680141448975
66,0.25,1,0.3,12,100,0.1,1.432782760312613,0.003663891848897184,3.4687251249949136
67,0.25,1,0.3,12,100,1.0,1.39555578170343,0.0022824953876201086,3.9274377822875977
68,0.25,1,0.3,12,100,10.0,1.3387230104400656,0.009285111836089568,3.7033907572428384
69,0.25,1,0.3,12,300,0.1,1.438551125204036,0.003717226723768809,9.40173896153768
70,0.25,1,0.3,12,300,1.0,1.402095011647824,0.002662032200479743,9.480556726455688
71,0.25,1,0.3,12,300,10.0,1.351254333882015,0.009391163839819017,9.563654581705729
72,0.25,1,0.3,24,50,0.1,1.5160925234130704,0.0062452323108825635,4.764815171559651
73,0.25,1,0.3,24,50,1.0,1.4568286303422724,0.00644301056769664,4.37011472384135
74,0.25,1,0.3,24,50,10.0,1.3878359536151625,0.0036568392165739964,3.8019653956095376
75,0.25,1,0.3,24,100,0.1,1.5147553246215828,0.00581178743041234,8.70347515741984
76,0.25,1,0.3,24,100,1.0,1.4562503360375814,0.006354751818016915,8.971839189529419
77,0.25,1,0.3,24,100,10.0,1.3900081998436438,0.0035635031837944137,7.752139647801717
78,0.25,1,0.3,24,300,0.1,1.5157146791287726,0.005780012457320403,22.22862982749939
79,0.25,1,0.3,24,300,1.0,1.4574367196681208,0.005914018380408202,23.898314952850342
80,0.25,1,0.3,24,300,10.0,1.3924781666078918,0.0020206130773691997,24.151901642481487
81,0.25,10,0.05,6,50,0.1,1.4693367597117133,0.000902805118027961,0.8872503439585367
82,0.25,10,0.05,6,50,1.0,1.4705000607445742,0.0018659659291290344,0.9667666753133138
83,0.25,10,0.05,6,50,10.0,1.4789192101566695,0.0017411671294587608,0.8644529183705648
84,0.25,10,0.05,6,100,0.1,1.2772291183955427,0.0009346701986093636,1.7082974116007488
85,0.25,10,0.05,6,100,1.0,1.278016047048463,0.0017223369683020246,1.7040036519368489
86,0.25,10,0.05,6,100,10.0,1.2813403759078972,0.001483716047199383,1.6454614798227947
87,0.25,10,0.05,6,300,0.1,1.2222200410399369,0.0033012469374029303,5.2163160641988116
88,0.25,10,0.05,6,300,1.0,1.2221875981823735,0.0034943268103831793,4.862161159515381
89,0.25,10,0.05,6,300,10.0,1.22034004380348,0.0027384137675101295,5.551184733708699
90,0.25,10,0.05,12,50,0.1,1.4749817910553578,0.0009088832068285819,2.0490894317626953
91,0.25,10,0.05,12,50,1.0,1.469433925703779,0.0007494407635188046,1.8985637029012044
92,0.25,10,0.05,12,50,10.0,1.4768819128180664,0.0023588945973720345,1.3716193040211995
93,0.25,10,0.05,12,100,0.1,1.2958056873874355,0.002749033734427597,3.8782924811045327
94,0.25,10,0.05,12,100,1.0,1.2851145853865822,0.0020725881301241786,3.697307904561361
95,0.25,10,0.05,12,100,10.0,1.2767053295085444,0.0015356503737380684,3.2782935301462808
96,0.25,10,0.05,12,300,0.1,1.2531600267251781,0.0038173121107740503,11.007214228312174
97,0.25,10,0.05,12,300,1.0,1.2422346207745252,0.00465049569917507,11.234186808268229
98,0.25,10,0.05,12,300,10.0,1.2242934402620083,0.004181537586929074,10.13846747080485
99,0.25,10,0.05,24,50,0.1,1.4997132043947843,0.002853570855779713,4.7479259967803955
100,0.25,10,0.05,24,50,1.0,1.4812861092164749,0.0017211324200630588,3.3046775658925376
101,0.25,10,0.05,24,50,10.0,1.478420814658542,0.002355324527622271,1.7418010234832764
102,0.25,10,0.05,24,100,0.1,1.3335896642028955,0.004025752013958072,10.951733271280924
103,0.25,10,0.05,24,100,1.0,1.3067135969697385,0.0024726558806640376,10.356746673583984
104,0.25,10,0.05,24,100,10.0,1.2824188257665121,0.0022409589125882852,6.670117934544881
105,0.25,10,0.05,24,300,0.1,1.2922464693686926,0.0057567987504227,28.98412052790324
106,0.25,10,0.05,24,300,1.0,1.266452148894712,0.004554939182403922,25.474988063176472
107,0.25,10,0.05,24,300,10.0,1.235191849296308,0.004686328899962708,20.950335184733074
108,0.25,10,0.1,6,50,0.1,1.2878830970366917,0.0016064188698155925,0.8706096013387045
109,0.25,10,0.1,6,50,1.0,1.287896983366258,0.0031051992385894467,0.9164524078369141
110,0.25,10,0.1,6,50,10.0,1.291032520789513,0.001653685516602471,0.8516036669413248
111,0.25,10,0.1,6,100,0.1,1.2405799852288892,0.0028221705119057263,1.7100835641225178
112,0.25,10,0.1,6,100,1.0,1.239764398114058,0.003883044721042553,1.6764670213063557
113,0.25,10,0.1,6,100,10.0,1.2394093051133726,0.0005075005588162408,1.5991400877634685
114,0.25,10,0.1,6,300,0.1,1.2232164934226668,0.003620848623018053,4.588199297587077
115,0.25,10,0.1,6,300,1.0,1.2204728312518585,0.004289280077894379,4.598213752110799
116,0.25,10,0.1,6,300,10.0,1.2150949635299775,0.0031071550468636734,4.572737455368042
117,0.25,10,0.1,12,50,0.1,1.3141812999944367,0.004553377180285736,1.904369831085205
118,0.25,10,0.1,12,50,1.0,1.3030836360736677,0.0025112050719287987,1.7724689642588298
119,0.25,10,0.1,12,50,10.0,1.2914281958150664,0.0014572335120081647,1.562546173731486
120,0.25,10,0.1,12,100,0.1,1.2758632360854403,0.0051778327897573735,3.5564328829447427
121,0.25,10,0.1,12,100,1.0,1.2634464609353866,0.003696747809976289,4.876899242401123
122,0.25,10,0.1,12,100,10.0,1.2443359179178022,0.0033224492359838066,3.8212760289510093
123,0.25,10,0.1,12,300,0.1,1.2628054241423106,0.00560877665023057,9.617826143900553
124,0.25,10,0.1,12,300,1.0,1.2513005498059948,0.005056602560050779,9.626972436904907
125,0.25,10,0.1,12,300,10.0,1.2299098032740723,0.005390151133932248,9.398876190185547
126,0.25,10,0.1,24,50,0.1,1.3562839266156101,0.0024844385763859995,5.070580085118611
127,0.25,10,0.1,24,50,1.0,1.3254672616088359,0.0050469579257474825,4.022995074590047
128,0.25,10,0.1,24,50,10.0,1.2978250810839318,0.002795913528910615,2.8231478532155356
129,0.25,10,0.1,24,100,0.1,1.3205435510254833,0.0028089461825924695,9.39788269996643
130,0.25,10,0.1,24,100,1.0,1.2903713052694357,0.006385082627280395,8.231273571650187
131,0.25,10,0.1,24,100,10.0,1.2561231893374956,0.0034360394864559056,6.564247051874797
132,0.25,10,0.1,24,300,0.1,1.3057665149587925,0.0030042732743112976,25.903761943181355
133,0.25,10,0.1,24,300,1.0,1.2784680104145643,0.0068633256697382536,23.61538052558899
134,0.25,10,0.1,24,300,10.0,1.2419560607179887,0.00550541650783713,20.80371332168579
135,0.25,10,0.3,6,50,0.1,1.2662410318169923,0.00428750314937413,0.8922094504038492
136,0.25,10,0.3,6,50,1.0,1.2579786912094468,0.0033943792388367146,0.8353756268819174
137,0.25,10,0.3,6,50,10.0,1.2536142700346051,0.00549929142636651,0.874781608581543
138,0.25,10,0.3,6,100,0.1,1.2571447004700433,0.005649980117099268,1.566327651341756
139,0.25,10,0.3,6,100,1.0,1.2486622590126306,0.0058325773412644345,1.611400842666626
140,0.25,10,0.3,6,100,10.0,1.240358193418885,0.006299213386263272,1.5781937440236409
141,0.25,10,0.3,6,300,0.1,1.2675677449167164,0.007010171802040223,4.39234987894694
142,0.25,10,0.3,6,300,1.0,1.2532909338037939,0.006255145096053951,4.437060197194417
143,0.25,10,0.3,6,300,10.0,1.241640155278806,0.005109039866365258,4.353941996892293
144,0.25,10,0.3,12,50,0.1,1.3379130445769913,0.006312665608713499,1.8597728411356609
145,0.25,10,0.3,12,50,1.0,1.3219236225499837,0.007086830625066814,1.8290143013000488
146,0.25,10,0.3,12,50,10.0,1.2835422224376984,0.005978334091925539,1.788644552230835
147,0.25,10,0.3,12,100,0.1,1.3317366997377527,0.007220855952826878,3.3155346711476645
148,0.25,10,0.3,12,100,1.0,1.3143891435747317,0.008892429833269211,3.33689546585083
149,0.25,10,0.3,12,100,10.0,1.2709443634418196,0.006778305828992915,3.3247973918914795
150,0.25,10,0.3,12,300,0.1,1.3329333139213895,0.006584730786314426,8.878477096557617
151,0.25,10,0.3,12,300,1.0,1.3141209606315014,0.008915993757732148,8.902957677841187
152,0.25,10,0.3,12,300,10.0,1.2717942304867915,0.006478267213816549,8.93489146232605
153,0.25,10,0.3,24,50,0.1,1.3951346895271257,0.003883331359115974,4.740704854329427
154,0.25,10,0.3,24,50,1.0,1.3576180021739905,0.0037617503308746067,4.161748727162679
155,0.25,10,0.3,24,50,10.0,1.3041055417325162,0.004950196341098057,3.6065989335378013
156,0.25,10,0.3,24,100,0.1,1.3884630756993086,0.002554454471583125,8.534996032714844
157,0.25,10,0.3,24,100,1.0,1.3512862886531238,0.004080167703065222,7.947276671727498
158,0.25,10,0.3,24,100,10.0,1.294910092901059,0.007462481091797168,7.240485111872355
159,0.25,10,0.3,24,300,0.1,1.3870944039120665,0.002334510084290338,22.862035910288494
160,0.25,10,0.3,24,300,1.0,1.35231204622066,0.003935330525028995,21.348402341206867
161,0.25,10,0.3,24,300,10.0,1.2965421901642469,0.007040540361243959,20.259175221125286
162,0.5,1,0.05,6,50,0.1,1.390797017612169,0.0022155644861305015,1.0456732908884685
163,0.5,1,0.05,6,50,1.0,1.3916237580136184,0.0021996512677702677,1.0489511489868164
164,0.5,1,0.05,6,50,10.0,1.4030755143219427,0.002298086033171256,1.0501566727956135
165,0.5,1,0.05,6,100,0.1,1.2311077990076986,0.0028437175391847354,1.9554900328318279
166,0.5,1,0.05,6,100,1.0,1.230837853483106,0.002290905409668469,1.9531793594360352
167,0.5,1,0.05,6,100,10.0,1.2334608659655826,0.0016873695989378843,1.9800987243652344
168,0.5,1,0.05,6,300,0.1,1.2125502404107724,0.0024677406606282482,5.614176909128825
169,0.5,1,0.05,6,300,1.0,1.2119215389371782,0.003362671564513326,5.485888481140137
170,0.5,1,0.05,6,300,10.0,1.2097896134749668,0.0028384956501085624,5.592035849889119
171,0.5,1,0.05,12,50,0.1,1.4079983606216222,0.0023977162761151583,2.523192564646403
172,0.5,1,0.05,12,50,1.0,1.4058705595248482,0.0034262366098304115,2.518706957499186
173,0.5,1,0.05,12,50,10.0,1.4033765087209378,0.0031411933181249487,2.19124436378479
174,0.5,1,0.05,12,100,0.1,1.2673704591914694,0.002184601855921931,4.84209140141805
175,0.5,1,0.05,12,100,1.0,1.258912355177933,0.0035378392225840862,5.077391068140666
176,0.5,1,0.05,12,100,10.0,1.2371480679993077,0.0036825444233978496,4.348126411437988
177,0.5,1,0.05,12,300,0.1,1.2714554851208097,0.003818206692793824,13.192529201507568
178,0.5,1,0.05,12,300,1.0,1.2639961522708303,0.005088100194276354,12.744049151738485
179,0.5,1,0.05,12,300,10.0,1.238192311927975,0.003840709299354798,12.477126995722452
180,0.5,1,0.05,24,50,0.1,1.4721592088361442,0.00315049001645217,6.6675388018290205
181,0.5,1,0.05,24,50,1.0,1.4580735007140289,0.004629447883039879,5.070443948109944
182,0.5,1,0.05,24,50,10.0,1.4141377925418055,0.0032069269138241254,3.1732230981191
183,0.5,1,0.05,24,100,0.1,1.333263298911729,0.002772594729979339,13.84617273012797
184,0.5,1,0.05,24,100,1.0,1.3119067857977067,0.003613928747048956,11.78264037768046
185,0.5,1,0.05,24,100,10.0,1.2629948157985946,0.0037346775107266676,9.522920926411947
186,0.5,1,0.05,24,300,0.1,1.3233582190743136,0.002956831973090981,34.15980807940165
187,0.5,1,0.05,24,300,1.0,1.3047176116488233,0.0040953526954176644,32.36076847712199
188,0.5,1,0.05,24,300,10.0,1.269481075888567,0.003807348134485682,29.180821180343628
189,0.5,1,0.1,6,50,0.1,1.2359832239966355,0.0022651323857677866,1.266377607981364
190,0.5,1,0.1,6,50,1.0,1.234763818434299,0.0013493677195521522,1.0549592177073162
191,0.5,1,0.1,6,50,10.0,1.2390922651398195,0.002245767477774882,1.0773650805155437
192,0.5,1,0.1,6,100,0.1,1.218988584587946,0.003811858553364252,2.054711659749349
193,0.5,1,0.1,6,100,1.0,1.217833191285392,0.0018957783101372172,2.002037525177002
194,0.5,1,0.1,6,100,10.0,1.2181531608313254,0.0028504906481398623,1.9738481839497883
195,0.5,1,0.1,6,300,0.1,1.22798535276575,0.004839050750584688,5.6022623380025225
196,0.5,1,0.1,6,300,1.0,1.224832651147608,0.0023715257043497064,5.600967009862264
197,0.5,1,0.1,6,300,10.0,1.2212668212133604,0.004479641094468779,5.587851524353027
198,0.5,1,0.1,12,50,0.1,1.2879996353181347,0.003221649845176928,2.46110200881958
199,0.5,1,0.1,12,50,1.0,1.2730466144174812,0.004255374988370644,2.4817902247111
200,0.5,1,0.1,12,50,10.0,1.2505068824968424,0.004482830687857045,2.2389541467030845
201,0.5,1,0.1,12,100,0.1,1.2900785093839482,0.004322491269174543,4.756758451461792
202,0.5,1,0.1,12,100,1.0,1.2762084999380783,0.004615796682426496,4.651595115661621
203,0.5,1,0.1,12,100,10.0,1.2479013544263153,0.006503696854672066,4.436140616734822
204,0.5,1,0.1,12,300,0.1,1.2977739504071033,0.004566224871620845,11.808223247528076
205,0.5,1,0.1,12,300,1.0,1.2871971234139818,0.004570209863192821,12.033431768417358
206,0.5,1,0.1,12,300,10.0,1.2679187550631876,0.006847306012415084,11.984832763671875
207,0.5,1,0.1,24,50,0.1,1.3562474112941159,0.0022171018882457274,6.972684224446614
208,0.5,1,0.1,24,50,1.0,1.33942172927539,0.00496837292177952,5.977492332458496
209,0.5,1,0.1,24,50,10.0,1.2832943663167693,0.007269110941353068,5.213586489359538
210,0.5,1,0.1,24,100,0.1,1.347537066668365,0.0022568244329098128,12.975607554117838
211,0.5,1,0.1,24,100,1.0,1.3329312291573148,0.0045549965759200724,11.7911856174469
212,0.5,1,0.1,24,100,10.0,1.2865405420574096,0.006738353272976676,10.637838045756022
213,0.5,1,0.1,24,300,0.1,1.3471530774808915,0.0019978729591895424,29.185601711273193
214,0.5,1,0.1,24,300,1.0,1.3333568541235108,0.004486473876758289,27.973394632339478
215,0.5,1,0.1,24,300,10.0,1.292291126683834,0.006370321378234069,27.096410989761353
216,0.5,1,0.3,6,50,0.1,1.2502468067269268,0.002426132918898576,1.0256280104319255
217,0.5,1,0.3,6,50,1.0,1.2456383903091826,0.005266520596583013,1.0677660306294758
218,0.5,1,0.3,6,50,10.0,1.2357932411707997,0.0059339633767385115,1.013330380121867
219,0.5,1,0.3,6,100,0.1,1.2604599211674172,0.0026389607747573283,1.987298568089803
220,0.5,1,0.3,6,100,1.0,1.258830642810586,0.007153682579259483,1.9377580483754475
221,0.5,1,0.3,6,100,10.0,1.2458771215914712,0.005832485653415468,1.9483648141225178
222,0.5,1,0.3,6,300,0.1,1.308904188639355,0.007519803992117407,5.389793872833252
223,0.5,1,0.3,6,300,1.0,1.3047429650801934,0.0064462325037055275,5.469100713729858
224,0.5,1,0.3,6,300,10.0,1.280416328068739,0.009826501959105824,5.46829088528951
225,0.5,1,0.3,12,50,0.1,1.384318477904537,0.009461845969775088,2.3046672344207764
226,0.5,1,0.3,12,50,1.0,1.362233004166523,0.013988285229789827,2.4067277113596597
227,0.5,1,0.3,12,50,10.0,1.314268540673327,0.004255940458720679,2.319767395655314
228,0.5,1,0.3,12,100,0.1,1.3895695411381517,0.009342602078990042,4.342179934183757
229,0.5,1,0.3,12,100,1.0,1.3691361068257593,0.013985686117871947,4.280876159667969
230,0.5,1,0.3,12,100,10.0,1.3287191099671702,0.003170118634532386,4.29707137743632
231,0.5,1,0.3,12,300,0.1,1.3952227337462306,0.00853553937163581,11.086519559224447
232,0.5,1,0.3,12,300,1.0,1.375634072740741,0.012294419306633815,11.438774585723877
233,0.5,1,0.3,12,300,10.0,1.339024188586972,0.0013250935125378924,11.22875459988912
234,0.5,1,0.3,24,50,0.1,1.4336941020540752,0.0057252685353677835,6.295929352442424
235,0.5,1,0.3,24,50,1.0,1.416421824024597,0.007083752836642741,5.872573057810466
236,0.5,1,0.3,24,50,10.0,1.3551913428407412,0.00601262563898029,5.508593479792277
237,0.5,1,0.3,24,100,0.1,1.4336644581150033,0.0054749825859753895,10.89065702756246
238,0.5,1,0.3,24,100,1.0,1.4170442499912783,0.006671339532321666,10.187765757242838
239,0.5,1,0.3,24,100,10.0,1.3585033603284031,0.00545909914317051,9.828861474990845
240,0.5,1,0.3,24,300,0.1,1.4337725921484574,0.0056922074765611355,28.826670090357464
241,0.5,1,0.3,24,300,1.0,1.4179103167069267,0.0063746631633539216,25.153813123703003
242,0.5,1,0.3,24,300,10.0,1.360914164928128,0.005612387337635847,24.98583968480428
243,0.5,10,0.05,6,50,0.1,1.3900301341090546,0.002428690905804958,1.061935027440389
244,0.5,10,0.05,6,50,1.0,1.391955616849728,0.0022399186373203432,1.057172695795695
245,0.5,10,0.05,6,50,10.0,1.4027326595411171,0.0024475820560894337,0.9952473640441895
246,0.5,10,0.05,6,100,0.1,1.2306597440129847,0.002428956039101513,2.021894931793213
247,0.5,10,0.05,6,100,1.0,1.230308227378513,0.0019114624380052534,2.0845489501953125
248,0.5,10,0.05,6,100,10.0,1.232993532221433,0.002650224209789048,1.9773067633310955
249,0.5,10,0.05,6,300,0.1,1.2112274153746732,0.003056328227747866,5.540827512741089
250,0.5,10,0.05,6,300,1.0,1.2109311916521706,0.002309286479474633,5.569058815638225
251,0.5,10,0.05,6,300,10.0,1.2096603452965684,0.0026092363504201348,5.5107185045878095
252,0.5,10,0.05,12,50,0.1,1.3945148124298479,0.0031439515987091676,2.5940678119659424
253,0.5,10,0.05,12,50,1.0,1.391378713769224,0.0041691758084712125,2.407177527745565
254,0.5,10,0.05,12,50,10.0,1.3985315001686631,0.0032600728907536494,1.9775648911794026
255,0.5,10,0.05,12,100,0.1,1.2428407380781554,0.0029013897856612555,4.800802071889241
256,0.5,10,0.05,12,100,1.0,1.2370245283534707,0.0034384099061596347,4.713114579518636
257,0.5,10,0.05,12,100,10.0,1.2274494370609015,0.003367003442775999,4.34828503926595
258,0.5,10,0.05,12,300,0.1,1.2307323136501045,0.0036450028298930987,12.65997083981832
259,0.5,10,0.05,12,300,1.0,1.2247411326208855,0.0045359878606692555,12.459382057189941
260,0.5,10,0.05,12,300,10.0,1.2121102419005068,0.005245482389476818,13.794806003570557
261,0.5,10,0.05,24,50,0.1,1.4178245331371022,0.0028924523037752352,7.446896155675252
262,0.5,10,0.05,24,50,1.0,1.4069898508477152,0.005940472956736795,5.316525459289551
263,0.5,10,0.05,24,50,10.0,1.4015452435767912,0.003029577122883255,3.1438231468200684
264,0.5,10,0.05,24,100,0.1,1.2649617776858069,0.002850364400087993,14.029195308685303
265,0.5,10,0.05,24,100,1.0,1.2515301788414332,0.004674213509475548,11.716710329055786
266,0.5,10,0.05,24,100,10.0,1.2320779849891377,0.004468873965509712,9.330073436101278
267,0.5,10,0.05,24,300,0.1,1.2499831716764946,0.002925409426012476,36.26128816604614
268,0.5,10,0.05,24,300,1.0,1.2395222424753638,0.00617199429544569,32.68428826332092
269,0.5,10,0.05,24,300,10.0,1.2203263815720478,0.004532806432021749,28.969035625457764
270,0.5,10,0.1,6,50,0.1,1.235225566828313,0.0030626593607665296,1.0804862181345622
271,0.5,10,0.1,6,50,1.0,1.2359754617743552,0.001991942679659484,1.1295235951741536
272,0.5,10,0.1,6,50,10.0,1.238653762411043,0.002028523754439998,1.075315793355306
273,0.5,10,0.1,6,100,0.1,1.218354269087369,0.004162181168943111,1.9493823051452637
274,0.5,10,0.1,6,100,1.0,1.2172469425682724,0.0013557389309502396,1.961124340693156
275,0.5,10,0.1,6,100,10.0,1.216562111889569,0.002151251233877019,2.019413391749064
276,0.5,10,0.1,6,300,0.1,1.217285668285558,0.004870035387034046,5.419502258300781
277,0.5,10,0.1,6,300,1.0,1.2156867326296021,0.0005292679896547076,5.425119082132976
278,0.5,10,0.1,6,300,10.0,1.2128516891589722,0.0018842834546481055,5.421215693155925
279,0.5,10,0.1,12,50,0.1,1.257243402470243,0.004712120662531892,2.518057902654012
280,0.5,10,0.1,12,50,1.0,1.2473959750706192,0.0036429371507123525,2.4262496630350747
281,0.5,10,0.1,12,50,10.0,1.2357989675502978,0.003218905449184807,2.2891647020975747
282,0.5,10,0.1,12,100,0.1,1.2474480335898106,0.006212639431248678,4.6904834906260175
283,0.5,10,0.1,12,100,1.0,1.2359544945281893,0.006034851037453181,4.584100008010864
284,0.5,10,0.1,12,100,10.0,1.2211536720265963,0.004946769854509834,4.40731954574585
285,0.5,10,0.1,12,300,0.1,1.246844931888828,0.007071354563229256,11.601077715555826
286,0.5,10,0.1,12,300,1.0,1.2363307882650063,0.005806961679146612,11.665300687154135
287,0.5,10,0.1,12,300,10.0,1.2209851283163562,0.005432509011775251,13.43228030204773
288,0.5,10,0.1,24,50,0.1,1.285526375447726,0.0018971098194437456,8.118910312652588
289,0.5,10,0.1,24,50,1.0,1.2714374057131674,0.004008781275662246,6.038785537083943
290,0.5,10,0.1,24,50,10.0,1.2427125027586223,0.0037881848281324953,4.73541792233785
291,0.5,10,0.1,24,100,0.1,1.2734338560673464,0.0017103562067435785,13.246729373931885
292,0.5,10,0.1,24,100,1.0,1.2597314539487714,0.0037306568002593555,11.87169893582662
293,0.5,10,0.1,24,100,10.0,1.2293813683171444,0.004448232452951825,10.696789026260376
294,0.5,10,0.1,24,300,0.1,1.2715568609317907,0.0016008812121350137,32.87436636288961
295,0.5,10,0.1,24,300,1.0,1.2596337667852875,0.004016382191725777,29.50099317232768
296,0.5,10,0.1,24,300,10.0,1.2321121754013051,0.004704394273353381,26.86303226153056
297,0.5,10,0.3,6,50,0.1,1.2449581062774764,0.0069992126846902475,1.0395768483479817
298,0.5,10,0.3,6,50,1.0,1.238852453871911,0.00036945137749602394,1.049057165781657
299,0.5,10,0.3,6,50,10.0,1.2335064454224982,0.005190821835594161,1.0811862150828044
300,0.5,10,0.3,6,100,0.1,1.2510974120148128,0.004857422237209267,1.9582281907399495
301,0.5,10,0.3,6,100,1.0,1.2417306582398686,0.003145461398732947,1.913488467534383
302,0.5,10,0.3,6,100,10.0,1.2376574003831369,0.004472579863447687,2.0189732710520425
303,0.5,10,0.3,6,300,0.1,1.259343018807994,0.0038588405693838076,5.389269510904948
304,0.5,10,0.3,6,300,1.0,1.2479973359677552,0.002584492658904102,5.316643794377645
305,0.5,10,0.3,6,300,10.0,1.24117183629579,0.004445281138998506,5.568568388621013
306,0.5,10,0.3,12,50,0.1,1.30809952362988,0.005044544135336775,2.36062224706014
307,0.5,10,0.3,12,50,1.0,1.3004329998282997,0.0023776639405911093,2.3197237650553384
308,0.5,10,0.3,12,50,10.0,1.259745870770326,0.005657140937098004,2.4086317221323648
309,0.5,10,0.3,12,100,0.1,1.308893652964367,0.00435229755905475,4.185869296391805
310,0.5,10,0.3,12,100,1.0,1.3018744533230313,0.0034326642866367254,4.243356307347615
311,0.5,10,0.3,12,100,10.0,1.2620317250305557,0.006395270545625239,4.213659842809041
312,0.5,10,0.3,12,300,0.1,1.3107681316688886,0.004541575146132346,11.100677172342936
313,0.5,10,0.3,12,300,1.0,1.3034750548987606,0.004171674880789225,11.344447215398153
314,0.5,10,0.3,12,300,10.0,1.2652678667529678,0.004607847834009769,11.156019846598307
315,0.5,10,0.3,24,50,0.1,1.3389820840805768,0.005080367580192717,6.699840386708577
316,0.5,10,0.3,24,50,1.0,1.331665953222553,0.002084130345731861,6.137983878453572
317,0.5,10,0.3,24,50,10.0,1.2767987552998992,0.011057946480481874,5.558416684468587
318,0.5,10,0.3,24,100,0.1,1.3384346810794583,0.005151037317948549,12.194048802057901
319,0.5,10,0.3,24,100,1.0,1.3322236668493161,0.0013331664628353221,12.026336749394735
320,0.5,10,0.3,24,100,10.0,1.2789878696697858,0.0113084432994624,10.2958611647288
321,0.5,10,0.3,24,300,0.1,1.3400395718324225,0.0043468329751649,29.258279244105022
322,0.5,10,0.3,24,300,1.0,1.3356313549915877,0.0007625667990010782,28.05539600054423
323,0.5,10,0.3,24,300,10.0,1.2841022184042208,0.011451671770448818,27.068766196568806
324,1.0,1,0.05,6,50,0.1,1.356419627619972,0.00423994887670255,1.6438526312510173
325,1.0,1,0.05,6,50,1.0,1.3573404115886014,0.003973475936433306,1.5880344708760579
326,1.0,1,0.05,6,50,10.0,1.3661722003650674,0.00367638016754167,1.580062468846639
327,1.0,1,0.05,6,100,0.1,1.221776855287034,0.0020352666442256186,3.347581466039022
328,1.0,1,0.05,6,100,1.0,1.2217891022375102,0.001990858554259438,3.124485969543457
329,1.0,1,0.05,6,100,10.0,1.2205527919288943,0.003136151287624889,3.117489735285441
330,1.0,1,0.05,6,300,0.1,1.2147419184572323,0.0024062697179294762,8.827186743418375
331,1.0,1,0.05,6,300,1.0,1.2126819777359756,0.002478514434820134,8.81304677327474
332,1.0,1,0.05,6,300,10.0,1.2095114481314406,0.003470799745727466,8.798319657643637
333,1.0,1,0.05,12,50,0.1,1.3681768895911937,0.0023803114195346865,4.108955303827922
334,1.0,1,0.05,12,50,1.0,1.3667853724551933,0.0034588034411293786,3.987741311391195
335,1.0,1,0.05,12,50,10.0,1.3610436996928854,0.003986474273094521,3.3785222371419272
336,1.0,1,0.05,12,100,0.1,1.2527310807000591,0.00046701488278902555,7.758466641108195
337,1.0,1,0.05,12,100,1.0,1.2376291609465755,0.0031484675705116924,7.542589108149211
338,1.0,1,0.05,12,100,10.0,1.2172328042135483,0.003603922901173829,6.924457470575969
339,1.0,1,0.05,12,300,0.1,1.262864605607698,0.0016530975690421095,19.847337404886883
340,1.0,1,0.05,12,300,1.0,1.2502817035936262,0.003493227402628668,20.092578172683716
341,1.0,1,0.05,12,300,10.0,1.2303428410681703,0.0033768589452525433,19.929330825805664
342,1.0,1,0.05,24,50,0.1,1.4361385926401304,0.007624918950376201,10.356026331583658
343,1.0,1,0.05,24,50,1.0,1.4184341402274692,0.006432757682889065,8.470655918121338
344,1.0,1,0.05,24,50,10.0,1.3770040924050306,0.006442706779947114,5.981376727422078
345,1.0,1,0.05,24,100,0.1,1.323947241793408,0.0057411331386910585,20.56057572364807
346,1.0,1,0.05,24,100,1.0,1.2838171595105763,0.006509106501934746,18.961032787958782
347,1.0,1,0.05,24,100,10.0,1.241238430153234,0.005223525506159137,15.27162496248881
348,1.0,1,0.05,24,300,0.1,1.3201030091388912,0.005797087157527819,46.03599246342977
349,1.0,1,0.05,24,300,1.0,1.279714906812272,0.006936058409874699,40.68240706125895
350,1.0,1,0.05,24,300,10.0,1.2494075534937872,0.005999862477985603,42.352142572402954
351,1.0,1,0.1,6,50,0.1,1.221255306687663,0.0028174172133666694,1.572628418604533
352,1.0,1,0.1,6,50,1.0,1.2207039586498023,0.002658924897081009,1.6963796615600586
353,1.0,1,0.1,6,50,10.0,1.2202977492309708,0.0023380806595432306,1.5918498039245605
354,1.0,1,0.1,6,100,0.1,1.2148048217251273,0.001995334502522954,3.061422824859619
355,1.0,1,0.1,6,100,1.0,1.2123318934729503,0.0023881653412711162,3.0306803385416665
356,1.0,1,0.1,6,100,10.0,1.2090475630375301,0.0018218795871707356,3.0837544600168862
357,1.0,1,0.1,6,300,0.1,1.228620130205626,0.005049524515941649,9.803781032562256
358,1.0,1,0.1,6,300,1.0,1.2247152988958991,0.003793132745795007,9.3612011273702
359,1.0,1,0.1,6,300,10.0,1.2161781736397008,0.003923471120625259,8.785114685694376
360,1.0,1,0.1,12,50,0.1,1.2594394115662888,0.004209779771682745,3.8913599650065103
361,1.0,1,0.1,12,50,1.0,1.2431955526418037,0.004715684991618401,3.7738308111826577
362,1.0,1,0.1,12,50,10.0,1.2173883707564184,0.0040422584468600255,3.836864471435547
363,1.0,1,0.1,12,100,0.1,1.2663734842922176,0.003870704285899393,7.101908365885417
364,1.0,1,0.1,12,100,1.0,1.2500546223588913,0.004999443552948193,6.932996193567912
365,1.0,1,0.1,12,100,10.0,1.2218388309971264,0.0046393748826512315,6.782701412836711
366,1.0,1,0.1,12,300,0.1,1.2767135790810504,0.005432163871933424,18.135194063186646
367,1.0,1,0.1,12,300,1.0,1.2652020082971858,0.003933335598309706,18.714316765467327
368,1.0,1,0.1,12,300,10.0,1.2515815481575856,0.005026798526861439,19.161463578542072
369,1.0,1,0.1,24,50,0.1,1.3274668036761759,0.005521409728194917,10.36529835065206
370,1.0,1,0.1,24,50,1.0,1.2935044034055143,0.007797461870643846,9.327370564142862
371,1.0,1,0.1,24,50,10.0,1.249231318333119,0.005408516850945377,7.876542488733928
372,1.0,1,0.1,24,100,0.1,1.3246104897402005,0.005408649089203343,17.177743037541706
373,1.0,1,0.1,24,100,1.0,1.2902545087284472,0.008255198676895762,15.542196989059448
374,1.0,1,0.1,24,100,10.0,1.256789492230925,0.004602127237554642,15.74622376759847
375,1.0,1,0.1,24,300,0.1,1.3245973575900203,0.005408245424733926,40.89658776919047
376,1.0,1,0.1,24,300,1.0,1.2902695039805792,0.008274052239144783,36.51954332987467
377,1.0,1,0.1,24,300,10.0,1.2596289213796519,0.005666799852249365,37.8381093343099
378,1.0,1,0.3,6,50,0.1,1.2318873524542484,0.00753705980239671,1.5492881933848064
379,1.0,1,0.3,6,50,1.0,1.2293057690089961,0.0048570654423551185,1.5712596575419109
380,1.0,1,0.3,6,50,10.0,1.2241435482573315,0.0033407723077464625,1.6130818525950115
381,1.0,1,0.3,6,100,0.1,1.2515394073855497,0.005212795132314441,3.0153913497924805
382,1.0,1,0.3,6,100,1.0,1.2459863489115313,0.003853865951660327,3.1084254582722983
383,1.0,1,0.3,6,100,10.0,1.2382328590177565,0.002068647671913904,3.078739563624064
384,1.0,1,0.3,6,300,0.1,1.3068564603155732,0.008932207525865331,10.809422334035238
385,1.0,1,0.3,6,300,1.0,1.2956723181331231,0.007226710787623586,9.937735478083292
386,1.0,1,0.3,6,300,10.0,1.2817978082243646,0.0011322995235742402,8.950669129689535
387,1.0,1,0.3,12,50,0.1,1.3247079224706644,0.004664441333945397,3.5286618868509927
388,1.0,1,0.3,12,50,1.0,1.3136474031663894,0.004642651403057084,3.5488290786743164
389,1.0,1,0.3,12,50,10.0,1.2708535158340148,0.002901005293444664,3.55535093943278
390,1.0,1,0.3,12,100,0.1,1.335287193961407,0.004149303537882122,6.5921400388081866
391,1.0,1,0.3,12,100,1.0,1.3274182873385907,0.002528608324094517,6.4143320719401045
392,1.0,1,0.3,12,100,10.0,1.2926281668558188,0.0005719181927569889,6.757742007573445
393,1.0,1,0.3,12,300,0.1,1.335916974080968,0.004918045971987592,17.361533562342327
394,1.0,1,0.3,12,300,1.0,1.3274184511148228,0.002528670601758038,17.08193325996399
395,1.0,1,0.3,12,300,10.0,1.29525710411698,0.0008417010024429119,17.278370062510174
396,1.0,1,0.3,24,50,0.1,1.362101117980715,0.0018123502937097248,10.373050292332968
397,1.0,1,0.3,24,50,1.0,1.3542691662599993,0.006947053845615716,10.716690142949423
398,1.0,1,0.3,24,50,10.0,1.3062194467644888,0.005301556717852099,8.864959239959717
399,1.0,1,0.3,24,100,0.1,1.3621010556168842,0.001812336482343692,15.304413318634033
400,1.0,1,0.3,24,100,1.0,1.3542690831302522,0.006947062556487464,14.755252997080484
401,1.0,1,0.3,24,100,10.0,1.3078140040336326,0.006287322149578857,15.36934002240499
402,1.0,1,0.3,24,300,0.1,1.362101037438508,0.001812338405912695,42.48580861091614
403,1.0,1,0.3,24,300,1.0,1.3542690710823326,0.006947063364896923,36.35467139879862
404,1.0,1,0.3,24,300,10.0,1.3078140159848175,0.0062873233005581244,33.90795358022054
405,1.0,10,0.05,6,50,0.1,1.355599339659707,0.004243575253007875,1.6448380947113037
406,1.0,10,0.05,6,50,1.0,1.3575232879527699,0.003906479263579041,1.6559110482533772
407,1.0,10,0.05,6,50,10.0,1.3655914030802958,0.004176897405578363,1.6550244490305583
408,1.0,10,0.05,6,100,0.1,1.2202912630346345,0.0026014378627518026,3.08302640914917
409,1.0,10,0.05,6,100,1.0,1.2210125475369504,0.003425800504629521,3.219536383946737
410,1.0,10,0.05,6,100,10.0,1.2205366712081471,0.0031781310628508836,3.1698500315348306
411,1.0,10,0.05,6,300,0.1,1.2120936471910113,0.001568655281506531,8.747531096140543
412,1.0,10,0.05,6,300,1.0,1.211805384643528,0.00234401123009251,8.721331437428793
413,1.0,10,0.05,6,300,10.0,1.2096170508285342,0.002238398216857888,8.68662985165914
414,1.0,10,0.05,12,50,0.1,1.3553153295517275,0.005343199179376847,4.14163335164388
415,1.0,10,0.05,12,50,1.0,1.3497258440591686,0.002671316537136713,3.957719008127848
416,1.0,10,0.05,12,50,10.0,1.3537172959769899,0.0040192795357077305,3.3612268765767417
417,1.0,10,0.05,12,100,0.1,1.2306587550939014,0.002572994640751849,7.80533234278361
418,1.0,10,0.05,12,100,1.0,1.2191629982065448,0.0006540218429977832,7.4943281809488935
419,1.0,10,0.05,12,100,10.0,1.2072363123456258,0.0035827388137020418,6.989472548166911
420,1.0,10,0.05,12,300,0.1,1.226063282574045,0.002230597530291283,18.123128016789753
421,1.0,10,0.05,12,300,1.0,1.2148853457867548,0.0007178572792336191,18.826783021291096
422,1.0,10,0.05,12,300,10.0,1.2019403419042405,0.003833934410577942,19.028844833374023
423,1.0,10,0.05,24,50,0.1,1.3695775031275381,0.00541296448336719,10.88916246096293
424,1.0,10,0.05,24,50,1.0,1.3648941299368647,0.0038216255779492422,8.899722417195639
425,1.0,10,0.05,24,50,10.0,1.3587338424808095,0.004416243567423879,7.083022991816203
426,1.0,10,0.05,24,100,0.1,1.2474321351889959,0.0031207537739402985,24.49937653541565
427,1.0,10,0.05,24,100,1.0,1.2337578990980889,0.00332905636587008,21.437102158864338
428,1.0,10,0.05,24,100,10.0,1.2126325097022157,0.004655764984815706,17.989529212315876
429,1.0,10,0.05,24,300,0.1,1.2430606195796274,0.0030156940074373135,91.93966261545818
430,1.0,10,0.05,24,300,1.0,1.2294336190640491,0.0036299757646936076,58.20025293032328
431,1.0,10,0.05,24,300,10.0,1.2084544528964332,0.004919871042346604,46.56553451220194
432,1.0,10,0.1,6,50,0.1,1.222872008515641,0.0034429457964032712,2.417182286580404
433,1.0,10,0.1,6,50,1.0,1.220609508280912,0.0035818270813785472,1.9076804320017497
434,1.0,10,0.1,6,50,10.0,1.220133413545116,0.003155821786230566,2.0399674574534097
435,1.0,10,0.1,6,100,0.1,1.215116589805404,0.0028243522062100083,3.870933691660563
436,1.0,10,0.1,6,100,1.0,1.212094771643618,0.0028117516245092767,3.7387263774871826
437,1.0,10,0.1,6,100,10.0,1.211135714704108,0.005286046315094095,3.448918660481771
438,1.0,10,0.1,6,300,0.1,1.2155013346020918,0.0030049930839895047,12.11715547243754
439,1.0,10,0.1,6,300,1.0,1.2124051845655905,0.002758289978681627,10.770706017812094
440,1.0,10,0.1,6,300,10.0,1.2111290579496223,0.005278460329121388,10.921645959218344
441,1.0,10,0.1,12,50,0.1,1.2362906941652276,0.0032675666812122754,4.9403707186381025
442,1.0,10,0.1,12,50,1.0,1.224668380493099,0.004908574577752887,3.8887139161427817
443,1.0,10,0.1,12,50,10.0,1.2086627947697677,0.003262599247679868,4.370562394460042
444,1.0,10,0.1,12,100,0.1,1.232525100670187,0.002262417765713109,8.289039850234985
445,1.0,10,0.1,12,100,1.0,1.2210622147289232,0.0054599589911524206,6.908974885940552
446,1.0,10,0.1,12,100,10.0,1.2051424541651092,0.0039749458981234945,6.717813650767009
447,1.0,10,0.1,12,300,0.1,1.2325098364798732,0.0022617354102339483,23.790366252263386
448,1.0,10,0.1,12,300,1.0,1.2210476275151692,0.005460376067627845,21.936771154403687
449,1.0,10,0.1,12,300,10.0,1.2051279881490642,0.003974843442840874,20.395840883255005
450,1.0,10,0.1,24,50,0.1,1.253511815772758,0.004504591528949558,11.103860060373941
451,1.0,10,0.1,24,50,1.0,1.2380188736941016,0.0027701398677199935,9.830666859944662
452,1.0,10,0.1,24,50,10.0,1.2146400552330743,0.003816048124649544,8.54394499460856
453,1.0,10,0.1,24,100,0.1,1.2499849790881985,0.004496717552010174,24.02730854352315
454,1.0,10,0.1,24,100,1.0,1.2348623317545446,0.0026842087435351796,20.10530463854472
455,1.0,10,0.1,24,100,10.0,1.2129125823640663,0.004188459829633758,17.57125496864319
456,1.0,10,0.1,24,300,0.1,1.2499702380255489,0.004496373456735575,51.93744516372681
457,1.0,10,0.1,24,300,1.0,1.2348465348241031,0.002683754698583997,49.395670890808105
458,1.0,10,0.1,24,300,10.0,1.212899590758765,0.004185714333626762,45.3772079149882
459,1.0,10,0.3,6,50,0.1,1.227224198851191,0.0038486036728245234,1.5416686534881592
460,1.0,10,0.3,6,50,1.0,1.2275214381861825,0.00603028885870211,1.65520445505778
461,1.0,10,0.3,6,50,10.0,1.217654863059608,0.004084249289125517,2.3543074131011963
462,1.0,10,0.3,6,100,0.1,1.2319207754864683,0.004037638821133473,4.206953684488933
463,1.0,10,0.3,6,100,1.0,1.2319117769478976,0.0036357731592842157,3.760824203491211
464,1.0,10,0.3,6,100,10.0,1.2187103735728313,0.006031662512980533,3.7575122515360513
465,1.0,10,0.3,6,300,0.1,1.2319208021963017,0.004037655410711438,10.24582544962565
466,1.0,10,0.3,6,300,1.0,1.2319118016513715,0.0036357846962328847,9.800917863845825
467,1.0,10,0.3,6,300,10.0,1.2187103822852878,0.006031665625839136,9.73458711306254
468,1.0,10,0.3,12,50,0.1,1.26309666036581,0.00612613370714414,3.6019654273986816
469,1.0,10,0.3,12,50,1.0,1.2521310373093517,0.005252609860955143,4.091291507085164
470,1.0,10,0.3,12,50,10.0,1.2312780780117165,0.0033479029482968753,3.4373579025268555
471,1.0,10,0.3,12,100,0.1,1.263096674540936,0.006126168006726325,5.962199052174886
472,1.0,10,0.3,12,100,1.0,1.2521310701420398,0.005252656416511446,7.029649575551351
473,1.0,10,0.3,12,100,10.0,1.2312794078427025,0.0033487017860238132,6.213436206181844
474,1.0,10,0.3,12,300,0.1,1.2630966753292008,0.0061261724500320785,18.012017250061035
475,1.0,10,0.3,12,300,1.0,1.2521310780266433,0.005252658235695509,20.58646512031555
476,1.0,10,0.3,12,300,10.0,1.2312794140874617,0.0033487059098345788,19.122703154881794
477,1.0,10,0.3,24,50,0.1,1.2910456515965392,0.008961730114501526,8.95244288444519
478,1.0,10,0.3,24,50,1.0,1.2717222559817147,0.005711459311860009,9.28071387608846
479,1.0,10,0.3,24,50,10.0,1.241614282095165,0.00541484972713445,7.790389219919841
480,1.0,10,0.3,24,100,0.1,1.2910455959542613,0.008961726103423544,17.484484672546387
481,1.0,10,0.3,24,100,1.0,1.2717222300724986,0.005711464096697489,16.20710841814677
482,1.0,10,0.3,24,100,10.0,1.241614483602759,0.0054149175596056335,13.58509866396586
483,1.0,10,0.3,24,300,0.1,1.2910455928007327,0.008961724777691223,44.842554012934364
484,1.0,10,0.3,24,300,1.0,1.2717222221877391,0.005711460024286758,41.27819585800171
485,1.0,10,0.3,24,300,10.0,1.241614476808749,0.005414915111855575,42.958038965861
